Date,Monthly_Avg_Temp.x,Monthly_Fertilizer_Use,TFP_Index,Capital_Index,Land_Q,Labor_Q,Fertilizer_Q,Cropland_Q,prep,Monthly_Avg_Temp.y,Monthly_Production_tonnes,Yield_tonnes_per_hectare
2022-02-01,84.61415344,13599.88,104.6562,132.4306,9405.3255,5578.694,207839.5976,8626.439,18.21,84.61415344,102495,0.56040007
2016-06-01,79.62862434,18469.05,97.4812,102.6672,7859.1965,4594.178,123120.2259,7084.676,151.08,79.62862434,85872,0.51000005
2020-06-01,80.33771164,13599.88,100.1559,119.5205,8505.1825,5368.13,260440.4253,7726.296,186.23,80.33771164,80000,0.54170007
2015-12-01,81.45300819,6645.85,100,100,7836.9582,4007.302,132913.1234,7060.118,3.62,81.45300819,85872,0.51000005
2019-11-01,82.25861111,12670.5,100.9486,114.8214,8440.5211,5256.744,211098.0749,7662.126,61.32,82.25861111,81170,0.52820003
2023-12-01,82.81084229,13599.88,105.26,137.21,9624.46,5816.65,219908.39,8847.45,6.86,82.81084229,65370,0.56820005
2017-09-01,78.57571429,23756.88,94.7799,107.1265,8286.8362,5224.406,197963.9969,7514.858,135.28,78.57571429,0,0.5201
2022-04-01,82.8539418,13599.88,104.6562,132.4306,9405.3255,5578.694,207839.5976,8626.439,115.06,82.8539418,0,0.56040007
2023-07-01,79.18817204,13599.88,105.01,135.19,9531.99,5715.69,214766.37,8754.13,149.84,79.18817204,65370,0.56820005
2016-04-01,84.47181217,6156.35,97.4812,102.6672,7859.1965,4594.178,123120.2259,7084.676,88.87,84.47181217,0,0.51000005
2020-03-01,84.53490783,13599.88,100.1559,119.5205,8505.1825,5368.13,260440.4253,7726.296,76.3,84.53490783,80000,0.54170007
2023-05-01,82.56378648,13599.88,104.91,134.39,9495.37,5675.93,212749.97,8717.19,142.74,82.56378648,32685,0.56820005
2019-04-01,83.83092593,10558.75,100.9486,114.8214,8440.5211,5256.744,211098.0749,7662.126,107.81,83.83092593,0,0.52820003
2020-02-01,85.89115646,13599.88,100.1559,119.5205,8505.1825,5368.13,260440.4253,7726.296,7.95,85.89115646,120000,0.54170007
2020-10-01,80.25394265,13599.88,100.1559,119.5205,8505.1825,5368.13,260440.4253,7726.296,151.49,80.25394265,80000,0.54170007
2016-01-01,83.29413265,2462.54,97.4812,102.6672,7859.1965,4594.178,123120.2259,7084.676,4.18,83.29413265,128808,0.51000005
2018-03-01,83.13315412,7540,98.7739,111.099,8300.4841,5249.199,150794.5948,7524.799,85.52,83.13315412,90470,0.52400005
2016-02-01,85.83483437,2462.54,97.4812,102.6672,7859.1965,4594.178,123120.2259,7084.676,13.48,85.83483437,128808,0.51000005
2017-06-01,79.98183862,29696.1,94.7799,107.1265,8286.8362,5224.406,197963.9969,7514.858,221.87,79.98183862,96930,0.5201
2019-06-01,79.86558201,31676.25,100.9486,114.8214,8440.5211,5256.744,211098.0749,7662.126,188.08,79.86558201,81170,0.52820003
2016-11-01,82.64105726,7387.62,97.4812,102.6672,7859.1965,4594.178,123120.2259,7084.676,43.6,82.64105726,85872,0.51000005
2022-09-01,77.70259989,13599.88,104.6562,132.4306,9405.3255,5578.694,207839.5976,8626.439,219.85,77.70259989,0,0.56040007
2015-10-01,80.4516129,10633.36,100,100,7836.9582,4007.302,132913.1234,7060.118,183.26,80.4516129,85872,0.51000005
2017-05-01,82.22712494,19797.4,94.7799,107.1265,8286.8362,5224.406,197963.9969,7514.858,148.44,82.22712494,48465,0.5201
2018-06-01,79.33271164,22620,98.7739,111.099,8300.4841,5249.199,150794.5948,7524.799,172.37,79.33271164,90470,0.52400005
2023-10-01,80.77860983,13599.88,105.16,136.4,9587.49,5776.19,217843.71,8810.12,140.01,80.77860983,65370,0.56820005
2017-11-01,81.43478261,11878.44,94.7799,107.1265,8286.8362,5224.406,197963.9969,7514.858,57.13,81.43478261,96930,0.5201
2021-03-01,82.87570405,13599.88,103.4212,125.8508,9110.7965,5472.259,202361.2441,8331.91,79.32,82.87570405,104738.5,0.5526
2016-03-01,84.47872504,6156.35,97.4812,102.6672,7859.1965,4594.178,123120.2259,7084.676,91.85,84.47872504,85872,0.51000005
2016-09-01,78.78265873,14775.24,97.4812,102.6672,7859.1965,4594.178,123120.2259,7084.676,207.49,78.78265873,0,0.51000005
2022-12-01,82.03063236,13599.88,104.6562,132.4306,9405.3255,5578.694,207839.5976,8626.439,10.66,82.03063236,68330,0.56040007
2018-07-01,78.20741167,22620,98.7739,111.099,8300.4841,5249.199,150794.5948,7524.799,154.66,78.20741167,90470,0.52400005
2016-05-01,82.16236559,12312.7,97.4812,102.6672,7859.1965,4594.178,123120.2259,7084.676,172.39,82.16236559,42936,0.51000005
2017-01-01,82.64715822,3959.48,94.7799,107.1265,8286.8362,5224.406,197963.9969,7514.858,16.71,82.64715822,145395,0.5201
2021-12-01,83.45924603,13599.88,103.4212,125.8508,9110.7965,5472.259,202361.2441,8331.91,9.85,83.45924603,104738.5,0.5526
2023-02-01,83.98021542,13599.88,104.76,133.23,9442.19,5618.42,209841.91,8663.59,21.38,83.98021542,98055,0.56820005
2023-06-01,79.5559127,13599.88,104.96,134.79,9513.96,5696.1,213772.32,8735.94,169.06,79.5559127,65370,0.56820005
2019-02-01,84.49034864,4223.5,100.9486,114.8214,8440.5211,5256.744,211098.0749,7662.126,30.25,84.49034864,121755,0.52820003
2019-12-01,82.79495074,10558.75,100.9486,114.8214,8440.5211,5256.744,211098.0749,7662.126,11.22,82.79495074,81170,0.52820003
2018-05-01,81.0656042,15080,98.7739,111.099,8300.4841,5249.199,150794.5948,7524.799,140.72,81.0656042,45235,0.52400005
2017-03-01,83.65079365,9898.7,94.7799,107.1265,8286.8362,5224.406,197963.9969,7514.858,43.64,83.65079365,96930,0.5201
2023-08-01,78.19614695,13599.88,105.06,135.59,9550.65,5736,215798.41,8772.95,158.1,78.19614695,32685,0.56820005
2021-09-01,78.86732804,13599.88,103.4212,125.8508,9110.7965,5472.259,202361.2441,8331.91,199.89,78.86732804,0,0.5526
2022-07-01,78.47401434,13599.88,104.6562,132.4306,9405.3255,5578.694,207839.5976,8626.439,136.74,78.47401434,68330,0.56040007
2023-09-01,79.18857143,13599.88,105.11,136,9569.35,5756.39,216835.41,8791.82,217.96,79.18857143,0,0.56820005
2020-12-01,82.48796723,13599.88,100.1559,119.5205,8505.1825,5368.13,260440.4253,7726.296,16.81,82.48796723,80000,0.54170007
2018-04-01,83.3537963,7540,98.7739,111.099,8300.4841,5249.199,150794.5948,7524.799,91.47,83.3537963,0,0.52400005
2019-03-01,84.18391534,10558.75,100.9486,114.8214,8440.5211,5256.744,211098.0749,7662.126,90.66,84.18391534,81170,0.52820003
2016-12-01,81.81770597,6156.35,97.4812,102.6672,7859.1965,4594.178,123120.2259,7084.676,21.36,81.81770597,85872,0.51000005
2016-08-01,77.48315412,18469.05,97.4812,102.6672,7859.1965,4594.178,123120.2259,7084.676,140.78,77.48315412,42936,0.51000005
2023-03-01,83.0906426,13599.88,104.8,133.59,9458.89,5636.45,210752.49,8680.42,77.14,83.0906426,65370,0.56820005
2017-07-01,78.38113757,29696.1,94.7799,107.1265,8286.8362,5224.406,197963.9969,7514.858,129.15,78.38113757,96930,0.5201
2021-06-01,80.97936508,13599.88,103.4212,125.8508,9110.7965,5472.259,202361.2441,8331.91,182.21,80.97936508,104738.5,0.5526
2021-04-01,83.88128307,13599.88,103.4212,125.8508,9110.7965,5472.259,202361.2441,8331.91,92.69,83.88128307,0,0.5526
2017-02-01,84.20311791,3959.48,94.7799,107.1265,8286.8362,5224.406,197963.9969,7514.858,18.33,84.20311791,145395,0.5201
2021-11-01,81.99957581,13599.88,103.4212,125.8508,9110.7965,5472.259,202361.2441,8331.91,79.04,81.99957581,104738.5,0.5526
2015-02-01,82.9401644,2658.34,100,100,7836.9582,4007.302,132913.1234,7060.118,67.66,82.9401644,128808,0.51000005
2018-02-01,84.64988662,3016,98.7739,111.099,8300.4841,5249.199,150794.5948,7524.799,56.26,84.64988662,135705,0.52400005
2017-12-01,81.51897081,9898.7,94.7799,107.1265,8286.8362,5224.406,197963.9969,7514.858,12.02,81.51897081,96930,0.5201
2019-10-01,79.36702509,16894,100.9486,114.8214,8440.5211,5256.744,211098.0749,7662.126,244.61,79.36702509,81170,0.52820003
2022-11-01,81.75898148,13599.88,104.6562,132.4306,9405.3255,5578.694,207839.5976,8626.439,46.51,81.75898148,68330,0.56040007
2018-01-01,82.10560676,3016,98.7739,111.099,8300.4841,5249.199,150794.5948,7524.799,4.48,82.10560676,135705,0.52400005
2022-10-01,79.953085,13599.88,104.6562,132.4306,9405.3255,5578.694,207839.5976,8626.439,149.71,79.953085,68330,0.56040007
2015-04-01,83.32220899,6645.85,100,100,7836.9582,4007.302,132913.1234,7060.118,68.32,83.32220899,0,0.51000005
2019-05-01,81.89539171,21117.5,100.9486,114.8214,8440.5211,5256.744,211098.0749,7662.126,150.96,81.89539171,40585,0.52820003
2021-02-01,84.2075873,13599.88,103.4212,125.8508,9110.7965,5472.259,202361.2441,8331.91,17.43,84.2075873,157107.75,0.5526
2020-09-01,78.93347884,13599.88,100.1559,119.5205,8505.1825,5368.13,260440.4253,7726.296,224.58,78.93347884,0,0.54170007
2015-06-01,79.14062169,19937.55,100,100,7836.9582,4007.302,132913.1234,7060.118,133.36,79.14062169,85872,0.51000005
2015-01-01,81.21036706,2658.34,100,100,7836.9582,4007.302,132913.1234,7060.118,4.2,81.21036706,128808,0.51000005
2015-09-01,78.87982804,15950.04,100,100,7836.9582,4007.302,132913.1234,7060.118,134.87,78.87982804,0,0.51000005
2020-11-01,82.01175926,13599.88,100.1559,119.5205,8505.1825,5368.13,260440.4253,7726.296,26.83,82.01175926,80000,0.54170007
2021-08-01,78.87617768,13599.88,103.4212,125.8508,9110.7965,5472.259,202361.2441,8331.91,165.97,78.87617768,52369.25,0.5526
2020-05-01,83.25520993,13599.88,100.1559,119.5205,8505.1825,5368.13,260440.4253,7726.296,141.17,83.25520993,40000,0.54170007
2021-07-01,79.03394777,13599.88,103.4212,125.8508,9110.7965,5472.259,202361.2441,8331.91,164.81,79.03394777,104738.5,0.5526
2015-07-01,78.29150026,19937.55,100,100,7836.9582,4007.302,132913.1234,7060.118,115.05,78.29150026,85872,0.51000005
